user_id,user_name
3150922049,@jofozesytydi
282217530,@282217530
77319557,@teamreboot
343608814,@Jacob__Gordon
9834692,@michelecmehl
327586815,@SamanthaZirkin
867366559,@tyr1573
14055651,@h1ro
14309004,@keremozkan
2889593580,@Jewel_IP
2289237597,@404
54203210,@jessaylaz
452624701,@safraz_jehaludi
14850356,@jjacobs22
72722761,@brooklynrob
4858563561,@FINOSFoundation
217489773,@AlexisBizalion
2614145880,@swellvc
414020678,@LenovoCanada
16696786,@1KosmosBlockID
14392194,@pubkevin
258951556,@MorgLiv
7.37977E+17,@404
69965341,@WAKTM
125169049,@kellyanneabbey
20465261,@bulkandswagger
1610111,@KeithJordan
74309638,@mlymat
13071242,@kubla
21002723,@DoWa3
8.74945E+17,@404
15168085,@kberardinelli
8.35547E+17,@404
437711139,@idesignux
2890163999,@404
8.58839E+17,@404
35717904,@HotRodStricklin
221546840,@nakul
22083624,@C2DaJMan
8.74597E+17,@404
1.0085E+18,@404
78813002,@GioPapuashvili
520892482,@ikkurty
68203952,@max_levinson
468348832,@benichal
2816039773,@EthereumCore
4866360999,@GAiNZvsGAMEs
1346224430,@404
9.3278E+17,@404
868637460,@iamrobtravels
7.99591E+17,@404
260493946,@obinkhorst
9.12644E+17,@404
7.90642E+17,@404
222494678,@LuigiCongedo
1.01102E+18,@404
386937036,@agansca
410633364,@clairebelmont
557440724,@anothercohen
15678723,@MJMReport
15081274,@404
633194075,@MatthewZachary
1.00977E+18,@404
54340262,@OliverBLibby
73221223,@actepper
552399658,@StephKayeErwin
1267782206,@JessEder2
2851818464,@minqianzhang
662683,@mcmurrak
17513147,@jeffbodle
103978791,@Ivshti
1331535876,@_DimoStoyanov
278805334,@jordanodinsky
1954891236,@Zoe_Chaves
9.9643E+17,@404
103128470,@bsaulgarner
1.00345E+18,@404
18223478,@18223478
255223903,@TomaszKol
61377830,@Jocelynkinsey
54501212,@hmltn
10642622,@Photo
1.00493E+18,@404
202421391,@dagneydevlin
1.00383E+18,@404
938101,@patchedreality
9.96569E+17,@404
7.20002E+17,@404
14795394,@twitstina
8.78217E+17,@404
371035961,@5000pick1
14229468,@tfalstad
223160357,@DigitalWitt
4395416663,@VuzeCamera
637359277,@stefihane
85592093,@welkhoff
18812102,@Kjer
15104510,@FenderThinks
47889971,@justinrorr
9.99722E+17,@404
